,Orientation,Ventilation,Shading,Insulation Thickness,Window to Wall Ratio,Electricity:Facility,DistrictCooling:Facility,DistrictHeating:Facility,total (Q)
0,180,0.12,20.27199989932503,0.3744509535775209,0.8543137556340555,5772962532.0377445,251601.97279771866,17186996339.344265,136.09302366855778
